{
    "score_history": [
        3611,
        4623,
        4765
    ],
    "accuracy_history": [
        82.6086956521739,
        95.65217391304348,
        100.0
    ],
    "correct_clicks_history": [
        19,
        22,
        22
    ],
    "wrong_clicks_history": [
        4,
        1,
        0
    ],
    "avg_time_history": [
        1.5841301491386013,
        1.3069520105015149,
        1.3447414636611938
    ],
    "fastest_time_history": [
        0.910984992980957,
        0.6302545070648193,
        0.7027170658111572
    ],
    "slowest_time_history": [
        3.8037822246551514,
        2.689988136291504,
        2.296674966812134
    ],
    "timestamp": "2024-11-28 20:21:42"
}