{
    "score_history": [
        2901,
        3498,
        3864,
        3110,
        4209,
        4479,
        4410,
        4349,
        3295,
        4350,
        3531
    ],
    "accuracy_history": [
        83.33333333333334,
        79.16666666666666,
        90.47619047619048,
        84.21052631578947,
        95.23809523809523,
        91.66666666666666,
        95.45454545454545,
        88.0,
        78.26086956521739,
        100.0,
        85.71428571428571
    ],
    "correct_clicks_history": [
        15,
        19,
        19,
        16,
        20,
        22,
        21,
        22,
        18,
        20,
        18
    ],
    "wrong_clicks_history": [
        3,
        5,
        2,
        3,
        1,
        2,
        1,
        3,
        5,
        0,
        3
    ],
    "avg_time_history": [
        1.9820912202199301,
        1.557789124940571,
        1.54425637345565,
        1.8665942996740341,
        1.4485794305801392,
        1.3723885904658923,
        1.4402810959588914,
        1.3689905405044556,
        1.6343528694576688,
        1.4910008788108826,
        1.6099498271942139
    ],
    "fastest_time_history": [
        0.8128900527954102,
        0.9379942417144775,
        0.9752693176269531,
        0.8372507095336914,
        1.0366957187652588,
        0.8402445316314697,
        0.9546749591827393,
        0.6582794189453125,
        0.6956310272216797,
        0.47141408920288086,
        1.0809531211853027
    ],
    "slowest_time_history": [
        6.982166528701782,
        3.0912609100341797,
        3.021883249282837,
        6.956939458847046,
        2.54135799407959,
        2.7287542819976807,
        2.796381711959839,
        3.8247768878936768,
        3.9287703037261963,
        3.7692201137542725,
        3.775425910949707
    ],
    "timestamp": "2024-12-14 19:01:51"
}